record,snps,num_snps
Omicron_JN.1.7,21618:CT;21622:CT;21624:GC;21633:TC;21635:del9;21711:CT;21767:del3;21770:GT;21941:GT;21987:GA;21992:del3;22032:TC;22033:CA;22034:AG;22196:del3;22200:TG;22208:CT;22295:CA;22353:CA;22556:AG;22577:GC;22578:GA;22629:AC;22674:CT;22679:TC;22686:CT;22688:AG;22770:GA;22775:GA;22786:AC;22813:GT;22882:TG;22895:GC;22896:TA;22898:GA;22910:AG;22916:CT;22917:TG;22926:TC;22942:TA;22992:GA;22995:CA;23005:TA;23012:GA;23018:TC;23019:TC;23055:AG;23063:AT;23075:TC;23222:GA;23271:CT;23277:CT;23403:AG;23423:CT;23525:CT;23599:TG;23604:CA,57
Omicron_JN.1,21618:CT;21622:CT;21624:GC;21633:TC;21635:del9;21711:CT;21766:AC;21767:del6;21941:GT;21987:GA;21992:del3;22032:TC;22033:CA;22034:AG;22194:AT;22195:TA;22196:del3;22200:TG;22208:CT;22295:CA;22353:CA;22556:AG;22577:GC;22578:GA;22629:AC;22674:CT;22679:TC;22686:CT;22688:AG;22770:GA;22775:GA;22786:AC;22813:GT;22882:TG;22895:GC;22896:TA;22898:GA;22910:AG;22916:CT;22917:TG;22926:TC;22942:TA;22992:GA;22995:CA;23005:TA;23009:del3;23012:GA;23018:TC;23019:TC;23055:AG;23063:AT;23075:TC;23222:GA;23271:CT;23403:AG;23423:CT;23525:CT;23599:TG;23604:CG,59
Omicron_HK.3,21618:CT;21633:TC;21635:del9;21718:GT;21810:TC;21987:GA;21992:del3;22000:CA;22109:CG;22200:TA;22317:GT;22480:CT;22577:GC;22578:GA;22599:GC;22664:CA;22674:CT;22679:TC;22686:CT;22688:AG;22775:GA;22786:AC;22813:GT;22882:TG;22895:GC;22896:TC;22898:GA;22927:GT;22930:TA;22942:TG;22992:GA;22995:CA;23013:AC;23018:TC;23019:TC;23031:TC;23055:AG;23063:AT;23075:TC;23403:AG;23525:CT;23599:TG;23604:CA,43
Omicron_XBB.2.3,21618:CT;21633:TC;21635:del9;21810:TC;21911:CT;21987:GA;21992:del3;22000:CA;22109:CG;22200:TA;22320:AG;22577:GC;22578:GA;22599:GC;22664:CA;22674:CT;22679:TC;22686:CT;22688:AG;22775:GA;22786:AC;22813:GT;22882:TG;22895:GC;22896:TC;22898:GA;22942:TG;22992:GA;22995:CA;23013:AC;23018:TC;23019:TC;23031:TC;23055:AG;23063:AT;23075:TC;23123:CT;23403:AG;23525:CT;23599:TG;23604:CA,41
Omicron_HV.1,21618:CT;21633:TC;21635:del9;21718:GT;21810:TC;21987:GA;21992:del3;21998:CA;22000:CA;22033:CA;22109:CG;22200:TA;22317:GT;22480:CT;22577:GC;22578:GA;22599:GC;22664:CA;22674:CT;22679:TC;22686:CT;22688:AG;22775:GA;22786:AC;22813:GT;22882:TG;22895:GC;22896:TC;22898:GA;22917:TG;22930:TA;22942:TG;22992:GA;22995:CA;23013:AC;23018:TC;23019:TC;23031:TC;23055:AG;23063:AT;23075:TC;23403:AG;23525:CT;23599:TG;23604:CA,45
Omicron_XBB.1.5,21618:CT;21633:TC;21635:del9;21810:TC;21987:GA;21992:del3;22000:CA;22109:CG;22200:TA;22317:GT;22577:GC;22578:GA;22599:GC;22664:CA;22674:CT;22679:TC;22686:CT;22688:AG;22775:GA;22786:AC;22813:GT;22882:TG;22895:GC;22896:TC;22898:GA;22942:TG;22992:GA;22995:CA;23013:AC;23018:TC;23019:TC;23031:TC;23055:AG;23063:AT;23075:TC;23403:AG;23525:CT,37
Omicron_EG.5.1,21618:CT;21633:TC;21635:del9;21718:GT;21810:TC;21987:GA;21992:del3;22000:CA;22109:CG;22200:TA;22317:GT;22480:CT;22577:GC;22578:GA;22599:GC;22664:CA;22674:CT;22679:TC;22686:CT;22688:AG;22775:GA;22786:AC;22813:GT;22882:TG;22895:GC;22896:TC;22898:GA;22930:TA;22942:TG;22992:GA;22995:CA;23013:AC;23018:TC;23019:TC;23031:TC;23055:AG;23063:AT;23075:TC;23403:AG;23525:CT;23599:TG;23604:CA,42
Omicron_XBB.1.9.2,21618:CT;21633:TC;21635:del9;21810:TC;21987:GA;21992:del3;22000:CA;22109:CG;22200:TA;22317:GT;22577:GC;22578:GA;22599:GC;22664:CA;22674:CT;22679:TC;22686:CT;22688:AG;22775:GA;22786:AC;22813:GT;22882:TG;22895:GC;22896:TC;22898:GA;22942:TG;22992:GA;22995:CA;23013:AC;23018:TC;23019:TC;23031:TC;23055:AG;23063:AT;23075:TC;23403:AG;23525:CT;23599:TG;23604:CA,39
Omicron_XBB.1.16,21618:CT;21633:TC;21635:del9;21810:TC;21987:GA;21992:del3;22000:CA;22101:AT;22109:CG;22200:TA;22317:GT;22577:GC;22578:GA;22599:GC;22664:CA;22674:CT;22679:TC;22686:CT;22688:AG;22775:GA;22786:AC;22813:GT;22882:TG;22895:GC;22896:TC;22898:GA;22942:TG;22992:GA;22995:CG;23013:AC;23018:TC;23019:TC;23031:TC;23055:AG;23063:AT;23075:TC;23403:AG;23525:CT;23599:TG;23604:CA,40
Omicron_BQ.1,21618:CT;21633:TC;21635:del9;21766:AC;21767:del6;21987:GA;22200:TG;22578:GA;22674:CT;22679:TC;22686:CT;22688:AG;22775:GA;22786:AC;22813:GT;22882:TG;22893:AC;22917:TG;22942:TA;22992:GA;22995:CA;23013:AC;23018:TG;23055:AG;23063:AT;23075:TC;23403:AG;23525:CT;23599:TG;23604:CA,30
Omicron_BA.5,21618:CT;21633:TC;21635:del9;21766:AC;21767:del6;21987:GA;22200:TG;22578:GA;22674:CT;22679:TC;22686:CT;22688:AG;22775:GA;22786:AC;22813:GT;22882:TG;22917:TG;22992:GA;22995:CA;23013:AC;23018:TG;23055:AG;23063:AT;23075:TC;23403:AG;23525:CT;23599:TG;23604:CA,28
Omicron_BA.4,21618:CT;21633:TC;21635:del9;21766:AC;21767:del6;21987:GA;22200:TG;22578:GA;22674:CT;22679:TC;22686:CT;22688:AG;22775:GA;22786:AC;22813:GT;22882:TG;22917:TG;22992:GA;22995:CA;23013:AC;23018:TG;23055:AG;23063:AT;23075:TC;23403:AG;23525:CT;23599:TG;23604:CA,28
Omicron_BA.2,21618:CT;21633:TC;21635:del9;21987:GA;22200:TG;22578:GA;22599:GA;22674:CT;22679:TC;22686:CT;22688:AG;22775:GA;22786:AC;22813:GT;22882:TG;22992:GA;22995:CA;23013:AC;23040:AG;23055:AG;23063:AT;23075:TC;23403:AG;23525:CT,24
Omicron_BA.1.23,21762:CT;21766:AC;21767:del6;21846:CT;21987:GA;21988:TC;21989:del9;22194:AT;22195:TA;22196:del3;22578:GA;22599:GC;22673:TC;22674:CT;22679:TC;22686:CT;22813:GT;22882:TG;22898:GA;22935:AT;22992:GA;22995:CA;23013:AT;23040:AG;23048:GA;23055:AG;23063:AT;23075:TC;23202:CA;23403:AG;23525:CT;23599:TG;23604:CA,33
Omicron_BA.1,21762:CT;21766:AC;21767:del6;21846:CT;21987:GA;21988:TC;21989:del9;22194:AT;22195:TA;22196:del3;22578:GA;22673:TC;22674:CT;22679:TC;22686:CT;22813:GT;22882:TG;22898:GA;22992:GA;22995:CA;23013:AC;23040:AG;23048:GA;23055:AG;23063:AT;23075:TC;23202:CA;23403:AG;23525:CT;23599:TG;23604:CA,31
Mu_B.1.621,21846:CT;21993:AC;21995:TA;22599:GA;23012:GA;23063:AT;23403:AG;23525:CT;23604:CA,9
Iota_B.1.526,21575:CT;21846:CT;22320:AG;22992:GA;23403:AG,5
Epsilon_B.1.429,21600:GT;21638:CT;22018:GT;22917:TG;23403:AG,5
Delta_B.1.617.2,21618:CG;21987:GA;22028:del6;22034:AG;22227:CT;22917:TG;22995:CA;23403:AG;23604:CG,9
Gamma_P.1,21614:CT;21621:CA;21638:CT;21974:GT;22132:GT;22812:AC;22945:CT;23012:GA;23063:AT;23403:AG;23525:CT,11
Beta_B.1.351,21801:AC;22206:AG;22283:del9;22813:GT;23012:GA;23063:AT;23403:AG,7
Alpha_B.1.1.7,21766:AC;21767:del6;21992:del3;23063:AT;23271:CA;23403:AG;23604:CA,7
